{
  "scales": {
    "embedding.weight": 0.044866591691970825,
    "position_embedding.weight": 0.009216850623488426,
    "layers.0.ssm.in_proj.weight": 0.023478852584958076,
    "layers.0.ssm.conv1d.weight": 0.07814835011959076,
    "layers.0.ssm.ssm.B": 0.496855765581131,
    "layers.0.ssm.ssm.C": 0.5364949107170105,
    "layers.0.ssm.ssm.delta_proj.weight": 0.029521657153964043,
    "layers.0.ssm.out_proj.weight": 0.018079042434692383,
    "layers.0.moe.ffn.w1.weight": 0.03087352029979229,
    "layers.0.moe.ffn.w2.weight": 0.023104557767510414,
    "layers.1.ssm.in_proj.weight": 0.025858789682388306,
    "layers.1.ssm.conv1d.weight": 0.08519245684146881,
    "layers.1.ssm.ssm.B": 0.4221614897251129,
    "layers.1.ssm.ssm.C": 0.5044203996658325,
    "layers.1.ssm.ssm.delta_proj.weight": 0.024028168991208076,
    "layers.1.ssm.out_proj.weight": 0.022161196917295456,
    "layers.1.moe.layer.router.gate.weight": 0.03245856240391731,
    "layers.1.moe.layer.experts.0.w1.weight": 0.035320330411195755,
    "layers.1.moe.layer.experts.0.w2.weight": 0.03201839327812195,
    "layers.1.moe.layer.experts.1.w1.weight": 0.037162475287914276,
    "layers.1.moe.layer.experts.1.w2.weight": 0.03170750290155411,
    "layers.1.moe.layer.experts.2.w1.weight": 0.03448137640953064,
    "layers.1.moe.layer.experts.2.w2.weight": 0.02738003432750702,
    "layers.1.moe.layer.experts.3.w1.weight": 0.03173920884728432,
    "layers.1.moe.layer.experts.3.w2.weight": 0.029155882075428963,
    "layers.2.ssm.in_proj.weight": 0.025838086381554604,
    "layers.2.ssm.conv1d.weight": 0.07736741751432419,
    "layers.2.ssm.ssm.B": 0.46332424879074097,
    "layers.2.ssm.ssm.C": 0.48601585626602173,
    "layers.2.ssm.ssm.delta_proj.weight": 0.02362002618610859,
    "layers.2.ssm.out_proj.weight": 0.02113877795636654,
    "layers.2.moe.ffn.w1.weight": 0.029857875779271126,
    "layers.2.moe.ffn.w2.weight": 0.043261170387268066
  },
  "zero_points": {
    "embedding.weight": 0.0,
    "position_embedding.weight": 0.0,
    "layers.0.ssm.in_proj.weight": 0.0,
    "layers.0.ssm.conv1d.weight": 0.0,
    "layers.0.ssm.ssm.B": 0.0,
    "layers.0.ssm.ssm.C": 0.0,
    "layers.0.ssm.ssm.delta_proj.weight": 0.0,
    "layers.0.ssm.out_proj.weight": 0.0,
    "layers.0.moe.ffn.w1.weight": 0.0,
    "layers.0.moe.ffn.w2.weight": 0.0,
    "layers.1.ssm.in_proj.weight": 0.0,
    "layers.1.ssm.conv1d.weight": 0.0,
    "layers.1.ssm.ssm.B": 0.0,
    "layers.1.ssm.ssm.C": 0.0,
    "layers.1.ssm.ssm.delta_proj.weight": 0.0,
    "layers.1.ssm.out_proj.weight": 0.0,
    "layers.1.moe.layer.router.gate.weight": 0.0,
    "layers.1.moe.layer.experts.0.w1.weight": 0.0,
    "layers.1.moe.layer.experts.0.w2.weight": 0.0,
    "layers.1.moe.layer.experts.1.w1.weight": 0.0,
    "layers.1.moe.layer.experts.1.w2.weight": 0.0,
    "layers.1.moe.layer.experts.2.w1.weight": 0.0,
    "layers.1.moe.layer.experts.2.w2.weight": 0.0,
    "layers.1.moe.layer.experts.3.w1.weight": 0.0,
    "layers.1.moe.layer.experts.3.w2.weight": 0.0,
    "layers.2.ssm.in_proj.weight": 0.0,
    "layers.2.ssm.conv1d.weight": 0.0,
    "layers.2.ssm.ssm.B": 0.0,
    "layers.2.ssm.ssm.C": 0.0,
    "layers.2.ssm.ssm.delta_proj.weight": 0.0,
    "layers.2.ssm.out_proj.weight": 0.0,
    "layers.2.moe.ffn.w1.weight": 0.0,
    "layers.2.moe.ffn.w2.weight": 0.0
  },
  "original_dtypes": {
    "embedding.weight": "torch.float32",
    "position_embedding.weight": "torch.float32",
    "layers.0.ssm.in_proj.weight": "torch.float32",
    "layers.0.ssm.conv1d.weight": "torch.float32",
    "layers.0.ssm.ssm.B": "torch.float32",
    "layers.0.ssm.ssm.C": "torch.float32",
    "layers.0.ssm.ssm.delta_proj.weight": "torch.float32",
    "layers.0.ssm.out_proj.weight": "torch.float32",
    "layers.0.moe.ffn.w1.weight": "torch.float32",
    "layers.0.moe.ffn.w2.weight": "torch.float32",
    "layers.1.ssm.in_proj.weight": "torch.float32",
    "layers.1.ssm.conv1d.weight": "torch.float32",
    "layers.1.ssm.ssm.B": "torch.float32",
    "layers.1.ssm.ssm.C": "torch.float32",
    "layers.1.ssm.ssm.delta_proj.weight": "torch.float32",
    "layers.1.ssm.out_proj.weight": "torch.float32",
    "layers.1.moe.layer.router.gate.weight": "torch.float32",
    "layers.1.moe.layer.experts.0.w1.weight": "torch.float32",
    "layers.1.moe.layer.experts.0.w2.weight": "torch.float32",
    "layers.1.moe.layer.experts.1.w1.weight": "torch.float32",
    "layers.1.moe.layer.experts.1.w2.weight": "torch.float32",
    "layers.1.moe.layer.experts.2.w1.weight": "torch.float32",
    "layers.1.moe.layer.experts.2.w2.weight": "torch.float32",
    "layers.1.moe.layer.experts.3.w1.weight": "torch.float32",
    "layers.1.moe.layer.experts.3.w2.weight": "torch.float32",
    "layers.2.ssm.in_proj.weight": "torch.float32",
    "layers.2.ssm.conv1d.weight": "torch.float32",
    "layers.2.ssm.ssm.B": "torch.float32",
    "layers.2.ssm.ssm.C": "torch.float32",
    "layers.2.ssm.ssm.delta_proj.weight": "torch.float32",
    "layers.2.ssm.out_proj.weight": "torch.float32",
    "layers.2.moe.ffn.w1.weight": "torch.float32",
    "layers.2.moe.ffn.w2.weight": "torch.float32"
  }
}