step,epoch,train_loss,val_loss,lr,tokens_per_sec,elapsed_time
100,0,1.0381122827529907,0.9802850376475941,0.0005077759059601752,1313.2082828281914,38.988483905792236
200,1,0.8628278374671936,0.8816756389357827,2.4185885400596067e-07,1354.7721882073076,37.414408445358276
