{
  "desktop_cpu": {
    "config": {
      "threads": 12,
      "description": "Desktop CPU (12 cores)"
    },
    "metrics": {
      "model_name": "itera_lite_micro_desktop_cpu",
      "device": "cpu",
      "parameters": {
        "total": 293656,
        "trainable": 293656,
        "non_embedding": 157464,
        "embedding": 136192
      },
      "flops": {
        "flops_per_token": 57344,
        "total_flops": 7340032,
        "gflops": 0.007340032
      },
      "inference_speed": {
        "mean_time_ms": 34.66850799974054,
        "std_time_ms": 3.1808342006812715,
        "min_time_ms": 24.291999987326562,
        "max_time_ms": 42.33399999793619,
        "throughput_tokens_per_sec": 3692.1115844084766,
        "latency_per_token_ms": 0.270847718747973
      },
      "memory": {
        "param_memory_mb": 1.120208740234375,
        "activation_memory_mb": 0,
        "total_memory_mb": 1.120208740234375,
        "baseline_mb": 260.99609375,
        "peak_mb": 261.03125
      },
      "cpu_utilization": {
        "mean_cpu_percent": 22.204545454545457,
        "max_cpu_percent": 40.7,
        "std_cpu_percent": 8.014672753072515
      }
    }
  },
  "laptop_cpu": {
    "config": {
      "threads": 4,
      "description": "Laptop CPU (4 cores)"
    },
    "metrics": {
      "model_name": "itera_lite_micro_laptop_cpu",
      "device": "cpu",
      "parameters": {
        "total": 293656,
        "trainable": 293656,
        "non_embedding": 157464,
        "embedding": 136192
      },
      "flops": {
        "flops_per_token": 57344,
        "total_flops": 7340032,
        "gflops": 0.007340032
      },
      "inference_speed": {
        "mean_time_ms": 27.377264017704874,
        "std_time_ms": 2.935530054726954,
        "min_time_ms": 23.936399957165122,
        "max_time_ms": 39.05360004864633,
        "throughput_tokens_per_sec": 4675.412412183424,
        "latency_per_token_ms": 0.21388487513831933
      },
      "memory": {
        "param_memory_mb": 1.120208740234375,
        "activation_memory_mb": 0,
        "total_memory_mb": 1.120208740234375,
        "baseline_mb": 262.41796875,
        "peak_mb": 262.46875
      },
      "cpu_utilization": {
        "mean_cpu_percent": 11.708695652173912,
        "max_cpu_percent": 22.4,
        "std_cpu_percent": 5.7470531612129
      }
    }
  },
  "embedded_cpu": {
    "config": {
      "threads": 2,
      "description": "Embedded CPU (2 cores, simulated)"
    },
    "metrics": {
      "model_name": "itera_lite_micro_embedded_cpu",
      "device": "cpu",
      "parameters": {
        "total": 293656,
        "trainable": 293656,
        "non_embedding": 157464,
        "embedding": 136192
      },
      "flops": {
        "flops_per_token": 57344,
        "total_flops": 7340032,
        "gflops": 0.007340032
      },
      "inference_speed": {
        "mean_time_ms": 28.0154440109618,
        "std_time_ms": 1.9238537309427135,
        "min_time_ms": 22.328400053083897,
        "max_time_ms": 32.43209992069751,
        "throughput_tokens_per_sec": 4568.908490256893,
        "latency_per_token_ms": 0.21887065633563907
      },
      "memory": {
        "param_memory_mb": 1.120208740234375,
        "activation_memory_mb": 0,
        "total_memory_mb": 1.120208740234375,
        "baseline_mb": 263.8359375,
        "peak_mb": 263.87109375
      },
      "cpu_utilization": {
        "mean_cpu_percent": 8.308695652173913,
        "max_cpu_percent": 25.6,
        "std_cpu_percent": 6.724834767226838
      }
    }
  }
}